aababilov aababilov@griddynamics.com Alessio Ababilov
aaron-lee aaron.lee@rackspace.com Aaron Lee
andrewbogott abogott@wikimedia.org Andrew Bogott
abrindeyev abrindeyev@griddynamics.com Andrey Brindeyev
academicgareth academicgareth@gmail.com Kun Huang
littleidea acs@parvuscaptus.com Andrew Clay Shafer
adri2000 acunin@linagora.com Adrien Cunin
adalbas adalbas@linux.vnet.ibm.com Adalberto Medeiros
gandelman-a adam.gandelman@canonical.com Adam Gandelman
gandelman-a adamg@canonical.com Adam Gandelman
adjohn adjohn@gmail.com Adam Johnson
jake-hyperboledesign admin@jakedahn.com jakedahn
adriansmith adrian_f_smith@dell.com Adrian Smith
afazekas afazekas@redhat.com Attila Fazekas
ahmad-hassan-q ahmad.hassan@hp.com Ahmad Hassan
alexhandle ah@mynet.at Alex Handle
yosshy akirayoshiyama@gmail.com Akira Yoshiyama
akuno akuno@lavabit.com Anita Kuno
alatynskaya alatynskaya@mirantis.com Anastasia Latynskaya
alexyang alex890714@gmail.com Alex Yang
alex-meade alex.meade@rackspace.com Alex Meade
aloga aloga@ifca.unican.es Alvaro Lopez
antonym amesserl@rackspace.com Antony Messerli
armando-migliaccio amigliaccio@internap.com Armando Migliaccio
andrea-rosa-m andrea.rosa@hp.com Andrea Rosa
aglenyoung andrew.glen-young@canonical.com Andrew Glen-Young
ajames andrew.james@hp.com Andrew James
alaski andrew.laski@rackspace.com Andrew Laski
linuxjedi andrew@linuxjedi.co.uk Andrew Hutchings
andrew-melton andrew.melton@rackspace.com Andrew Melton
andrewsben andrewsben@gmail.com andrewsben
andrewsmedina andrewsmedina@gmail.com Andrews Medina
andrew-tranquada andrew.tranquada@rackspace.com Andrew Tranquada
andycjw andycjw@gmail.com Andy Chong
andrew-mccrae andy.mccrae@gmail.com Andy McCrae
andy-southgate andy.southgate@citrix.com Andy Southgate
annegentle anne.gentle@rackspace.com Anne Gentle
annegentle anne@openstack.org Anne Gentle
anotherjesse anotherjesse@gmail.com Jesse Andrews
ivoks ante.karamatic@canonical.com Ante Karamatić
apevec apevec@redhat.com Alan Pevec
alexpilotti ap@pilotti.it Alessandro Pilotti
arathi-darshanam arathi_darshanam@persistent.co.in Arathi
armando-migliaccio armamig@gmail.com Armando Migliaccio
arosen arosen@nicira.com Aaron Rosen
asakhnov asakhnov@mirantis.com Alexander Sakhnov
asbjorn-sannes asbjorn.sannes@interhost.no Asbjørn Sannes
asomya asomya@cisco.com Arvind Somya
adam.spiers aspiers@suse.com Adam Spiers
avinash-prasad avinash.prasad@nttdata.com Avinash Prasad
avishayb avishayb@radware.com Avishay Balderman
avishay-il avishay@il.ibm.com Avishay Traeger
ayoung ayoung@redhat.com Adam Young
baoli baoli@cisco.com Baodong (Robert) Li
bao-mingyan bao.mingyan@hp.com Mingyan Bao
briancline bcline@softlayer.com Brian Cline
bcwaldon bcwaldon@gmail.com Brian Waldon
belliott bdelliott@gmail.com Brian Elliott
beagles beagles@redhat.com Brent Eagles
mcgrue ben@pistoncloud.com Ben McGraw
reynolds.chin benzwt@gmail.com Reynolds Chin
berendt berendt@b1-systems.de Christian Berendt
berrange berrange@redhat.com Daniel Berrange
bfilippov bfilippov@griddynamics.com Boris Filippov
bfschott bfschott@gmail.com Brian Schott
bhuvan bhuvan@apache.org Bhuvaneswaran A
bilalakhtar bilalakhtar@ubuntu.com Bilal Akhtar
y-yamagata bi.yamagata@gmail.com You Yamagata
bkjones bkjones@gmail.com jonesy
blk-u bknudson@us.ibm.com Brant Knudson
b-maguire b_maguire@dell.com Brendan Maguire
bmcconne bmcconne@rackspace.com Brad McConnell
bnemec bnemec@us.ibm.com Ben Nemec
boris-42 boris@pavlovic.me Boris Pavlovic
ivan-zhu bozhu@linux.vnet.ibm.com Ivan-Zhu
belliott brian.elliott@rackspace.com Brian Elliott
brian-haley brian.haley@hp.com Brian Haley
brian-lamar brian.lamar@gmail.com Brian Lamar
blamar brian.lamar@rackspace.com Brian Lamar
brian-rosmaita brian.rosmaita@rackspace.com Brian Rosmaita
yuanotes brooklyn.chen@canonical.com Brooklyn
bswartz bswartz@netapp.com Ben Swartzlander
btopol btopol@us.ibm.com Brad Topol
burt-t burt@fnal.gov Burt Holzman
ubuntubmw bwiedemann@suse.de Bernhard M. Wiedemann
ctennis caleb.tennis@gmail.com Caleb Tennis
carlos-marin-d carlos.marin@rackspace.com Carlos Marin
cbehrens cbehrens@codestud.com Chris Behrens
cfb-n cfb@metacloud.com Chet Burgess
cgoncalves cgoncalves@av.it.pt Carlos Gonçalves
changbl changbin.liu@gmail.com Changbin Liu
chemikadze chemikadze@gmail.com Nikolay Sokolov
chen-li chen.li@intel.com li,chen
chiradeep chiradeep@cloud.com Chiradeep Vittal
chmouel chmouel@chmouel.com Chmouel Boudjnah
chmouel chmouel@enovance.com Chmouel Boudjnah
chnm-kulkarni chnm.kulkarni@gmail.com Chinmay Kulkarni
chris-allnutt chris.allnutt@rackspace.com Chris Allnutt
cbehrens chris.behrens@rackspace.com Chris Behrens
chris-fattarsi chris.fattarsi@pistoncloud.com Chris Fattarsi
zulcss chuck.short@canonical.com Chuck Short
chungg chungg@ca.ibm.com gordon chung
dricco cian@hp.com Cian O'Driscoll
c-kassen c.kassen@telekom.de Christoph Kassen
cboylan clark.boylan@gmail.com Clark Boylan
clay-gerrard clay.gerrard@gmail.com clayg
clay-gerrard clay.gerrard@rackspace.com clayg
cmsj cmsj@tenshu.net Chris Jones
termie code@term.ie termie
cody-somerville cody.somerville@hp.com Cody A.W. Somerville
colin-nicholson colin.nicholson@iomart.com Colin Nicholson
cweidenkeller conrad.weidenkeller@rackspace.com Conrad Weidenkeller
constantine-q constantine@litestack.com Constantine Peresypkin
corcornelisse cor@hyves.nl Cor Cornelisse
corvus corvus@gnu.org James E. Blair
corvus corvus@inaugust.com James E. Blair
corystone corystone@gmail.com Cory Stone
corywright corywright@gmail.com Cory Wright
corywright cory.wright@rackspace.com Cory Wright
cp16net cp16net@gmail.com cp16net
cperz cperz@gmx.net HeinMueck
crobinso crobinso@redhat.com Cole Robinson
cthiel-suse c.thiel@telekom.de Christoph Thiel
cthier cthier@gmail.com Chuck Thier
cyeoh-0 cyeoh@au1.ibm.com Christopher Yeoh
daeskp dae@velatum.com Dae S. Kim
daisy-ycguo daisy.ycguo@gmail.com Ying Chun Guo
dhersam dan.hersam@hp.com Dan Hersam
dvaleriani daniele@dvaleriani.net Daniele Valeriani
danms danms@us.ibm.com Dan Smith
danwent dan@nicira.com dan wendlandt
danwent danwent@gmail.com dan wendlandt
darrellb darrell@swiftstack.com Darrell Bishop
dims-v davanum@gmail.com Davanum Srinivas (DIMS)
dave-mcnally dave.mcnally@hp.com David McNally
davewalker dave.walker@canonical.com Dave Walker
davewalker davewalker@ubuntu.com Dave Walker
david-besen david.besen@hp.com David Besen
david-thingbag david.cramer@rackspace.com David Cramer
david-goetz david.goetz@rackspace.com David Goetz
david-hadas david.hadas@gmail.com David Hadas
david-hadas davidh@il.ibm.com David Hadas
david-kranz david.kranz@qrclab.com David Kranz
david-lyle david.lyle@hp.com David Lyle
david-perez5 david.perez5@hp.com David Subiros Perez
alekibango david.pravec@danix.org David Pravec
david-wittman david.wittman@rackspace.com David Wittman
dazworrall daz@dwuk.net Darren Worrall
dbelova dbelova@mirantis.com Dina Belova
dce3062 dce3062@gmail.com Syed Armani
debo dedutta@cisco.com Debo~ Dutta
deepak.garg deepak.garg@citrix.com Deepak Garg
deepak.garg deepakgarg.iitg@gmail.com Deepak Garg
endeepak deepak.n@thoughtworks.com Deepak N
deevi-rani deevi_rani@persistent.co.in D LALITHA RANI
dekehn dekehn@gmail.com dkehn
derekh derekh@redhat.com Derek Higgins
y-derek derek@umiacs.umd.edu Derek Yarnell
devananda devananda.vdv@gmail.com Devananda van der Veen
devdeep-singh devdeep.singh@citrix.com Devdeep Singh
devcamcar devin.carlen@gmail.com Devin Carlen
scott-devoid devoid@anl.gov Scott Devoid
egallen dev@zinux.com Erwan Gallen
dheidler dheidler@suse.de Dominik Heidler
dims-v dims@linux.vnet.ibm.com Davanum Srinivas
diopter diopter@gmail.com Evan Callicoat
dmllr dirk@dmllr.de Dirk Mueller
divakar-padiyar-nandavar divakar.padiyar-nandavar@hp.com Divakar Padiyar Nandavar
dkang dkang@isi.edu David Kang
dlapsley dlapsley@nicira.com David Lapsley
dmodium dmodium@isi.edu Devendra
dolph dolph.mathews@gmail.com Dolph Mathews
dolph dolph.mathews@rackspace.com Dolph Mathews
donagh-mccabe donagh.mccabe@hp.com Donagh McCabe
n0ano-ddd donald.d.dugger@intel.com Donald Dugger
donal-lafferty donal.lafferty@citrix.com Donal Lafferty
dougdoan dougdoan@gmail.com Doug
doug-hellmann doug.hellmann@dreamhost.com Doug Hellmann
doug-hellmann doug.hellmann@gmail.com Doug Hellmann
dweimer dougw@sdsc.edu Doug Weimer
dperaza dperaza@linux.vnet.ibm.com David Peraza
dan-prince dprince@redhat.com Dan Prince
dradez dradez@redhat.com Dan Radez
dragosm dragosm@hp.com Dragos Manolescu
dripton dripton@redhat.com David Ripton
dscannell dscannell@gridcentric.com David Scannell
dtroyer dtroyer@gmail.com Dean Troyer
oubiwann duncan@dreamhost.com Duncan McGreggor
duncan-thomas duncan.thomas@gmail.com Duncan Thomas
dweimer dweimer@gmail.com Doug Weimer
dzhou121 dzhou121@gmail.com Dongdong Zhou
e0ne e0ne@e0ne.info Ivan Kolodyazhny
eamonn-otoole eamonn.otoole@hp.com Eamonn O'Toole
ed-bak2 ed.bak2@hp.com Ed Bak
eddie-sheffield eddie.sheffield@rackspace.com Eddie Sheffield
ed-leafe ed@leafe.com Ed Leafe
ethuleau edouard.thuleau@cloudwatt.com Édouard Thuleau
eglynn eglynn@redhat.com Eoghan Glynn
eharney eharney@gmail.com Eric Harney
eharney eharney@redhat.com Eric Harney
ekirpichov ekirpichov@gmail.com Eugene Kirpichov
reldan eldr@ya.ru Eldar Nugaev
emagana emagana@gmail.com Edgar Magana
rcc emaildericky@gmail.com Ricardo Carrillo Cruz
emmasteimann emmasteimann@gmail.com Emma Grace Steimann
enikanorov enikanorov@mirantis.com Eugene Nikanorov
epatro epatro@gmail.com Eduardo Patrocinio
ewindisch eric@cloudscaling.com Eric Windisch
ericpeterson-l ericpeterson@hp.com Eric Peterson
erikzaadi erikz@il.ibm.com Erik Zaadi
esker esker@netapp.com Robert Esker
everett-toews everett.toews@gmail.com Everett Toews
ewanmellor ewan.mellor@citrix.com Ewan Mellor
kaiwei-fan fank@vmware.com Kaiwei Fan
fifieldt fifieldt@unimelb.edu.au Tom Fifield
flaper87 flaper87@gmail.com Flavio Percoco Premoli
flaviamissi flaviamissi@gmail.com flaviamissi
fghaas florian@hastexo.com Florian Haas
pandemicsyn florian.hines@gmail.com Florian Hines
flwang flwang@cn.ibm.com Fei Long Wang
flaper87 fpercoco@redhat.com Flavio Percoco Premoli
francois-charlier francois.charlier@enovance.com François Charlier
flepied frederic.lepied@enovance.com Frederic Lepied
freedomhui freedomhui@gmail.com Hui Cheng
freyes freyes@tty.cl Felipe Reyes
franciscosouza f@souza.cc Francisco Souza
fujita-tomonori-lab fujita.tomonori@lab.ntt.co.jp Tomo
fungi fungi@yuggoth.org Jeremy Stanley
westmaas gabe.westmaas@rackspace.com Gabe Westmaas
gabriel-hurley gabriel@strikeawe.com Gabriel Hurley
geekinutah geekinutah@gmail.com Michael H Wilson
gessau gessau@cisco.com Henry Gessau
ghe.rivero ghe@debian.org Ghe Rivero
ghe.rivero ghe.rivero@gmail.com Ghe Rivero
termie github@anarkystic.com termie
garyk gkotton@redhat.com Gary Kotton
glikson glikson@il.ibm.com Alex Glikson
gongysh gongysh@cn.ibm.com yong sheng gong
gongysh gongysh@linux.vnet.ibm.com yong sheng gong
gerardo8a gporras@yahoo-inc.com Gerardo Porras
greglange greglange+launchpad@gmail.com Greg Lange
salgado gsalgado@gmail.com Guilherme Salgado
gtt116 gtt116@126.com TianTian Gao
guang-yee guang.yee@hp.com Guang Yee
306455645-b gudujianjsk@gmail.com ShichaoXu
daisy-ycguo guoyingc@cn.ibm.com Ying Chun Guo
hanlind hanlind@kth.se Hans Lindgren
harlowja harlowja@yahoo-inc.com Joshua Harlow
hayashi hayashi@nttmcl.com Toshiyuki Hayashi
heckj heckj@mac.com Joseph Heck
henry-nash henryn@linux.vnet.ibm.com Henry Nash
heut2008 heut2008@gmail.com Yaguang Tang
derekh higginsd@gmail.com Derek Higgins
hillad hillad@gmail.com Andy Hill
hiroaki-kawai hiroaki.kawai@gmail.com Hiroaki Kawai
hisaki hisaki.ohara@intel.com Hisaki Ohara
hodong-hwang hodong.hwang@kt.com Hodong Hwang
hovyakov hovyakov@gmail.com Dmitry
hudayou hudayou@hotmail.com Hengqing Hu
hvolkmer h.volkmer@cloudbau.de Hendrik Volkmer
hzguanqiang hzguanqiang@corp.netease.com QiangGuan
hzwangpan hzwangpan@corp.netease.com wangpan
hzzhoushaoyu hzzhoushaoyu@corp.netease.com Zhou ShaoYu
ljjjustin iamljj@gmail.com Jiajun Liu
mapleoin iartarisi@suse.cz Ionuț Arțăriși
ijw-ubuntu iawells@cisco.com Ian Wells
iccha-sethi iccha.sethi@rackspace.com Iccha Sethi
igawa igawa@mxs.nes.nec.co.jp Masayuki Igawa
iida-koji iida.koji@lab.ntt.co.jp Koji Iida
e0ne ikolodyazhny@mirantis.com Ivan Kolodyazhny
ilyaalekseyev ilyaalekseyev@acm.org Ilya Alekseyev
cschwede info@cschwede.de Christian Schwede
irsxyp irsxyp@gmail.com irsxyp
iryoung iryoung@gmail.com Iryoung Jeong
shakhat ishakhat@mirantis.com Ilya Shakhat
ishii-hisaharu ishii@nttmcl.com Hisaharu Ishii
itoumsn itoumsn@nttdata.co.jp Masanori Itoh
ivoks ivoks@ubuntu.com Ante Karamatić
izbyshev izbyshev@ispras.ru Alexey Izbyshev
jajohnson jajohnson@softlayer.com Jason Johnson
jakedahn jake@markupisart.com Jake Dahn
jakez jake@ponyloaf.com Jake Zukowski
james-meredith james.meredith@rackspace.com James Meredith
james-morgan james.morgan@rackspace.com James Morgan
james-page james.page@ubuntu.com James Page
janisg janis.gengeris@gmail.com Janis Gengeris
jcannava jason@cannavale.com Jason Cannavale
jcannava jason.cannavale@rackspace.com Jason Cannavale
jason-koelker jason@koelker.net Jason Kölker
jaypipes jaypipes@gmail.com Jay Pipes
jbrendel jbrendel@cisco.com Juergen Brendel
jbresnah jbresnah@redhat.com John Bresnahan
jbryce jbryce@jbryce.com Jonathan Bryce
jemartin jcmartin@ebaysf.com JC Martin
jdsn jdsn@suse.de J. Daniel Schmidt
jean-baptiste-ransy jean-baptiste.ransy@alyseo.com Jean-Baptiste Ransy
jean-marc-saffroy jean.marc.saffroy@scality.com Jean-Marc Saffroy
jeffjapan jeffjapan@gmail.com Jeffrey Wilcox
fzylogic jeremy@dreamhost.com Jeremy Hanmer
jesse-pretorius jesse.pretorius@gmail.com Jesse Pretorius
jfehlig jfehlig@suse.com Jim Fehlig
jhenner jhenner@redhat.com Jaroslav Henner
jtran jhtran@att.com John Tran
jiangwt100 jiangwt100@gmail.com Jim Jiang
jiangy jiangyong.hn@gmail.com Jiang Yong
wenjianhn jian.wen@canonical.com Jian Wen
jian-zhang jian.zhang@intel.com Jian Zhang
jimmy-sigint jimmy@sigint.se Jimmy Bergman
jking-6 jking@internap.com James King
joshua-mckenty jmckenty@gmail.com Joshua McKenty
joelbm24 joelbm24@gmail.com joelbm24
jsavak joe.savak@rackspace.com Joe Savak
joe-arnold joe@swiftstack.com Joe Arnold
joe-topjian-v joe@topjian.net Joe T
jogo jogo@cloudscaling.com Joe Gordon
johannes.erdfelt johannes@erdfelt.com Johannes Erdfelt
johannes.erdfelt johannes.erdfelt@rackspace.com Johannes Erdfelt
retr0h john@dewey.ws John Dewey
john-eo john.eo@rackspace.com John Eo
johngarbutt john.garbutt@rackspace.com John Garbutt
john-griffith john.griffith8@gmail.com John Griffith
john-griffith john.griffith@solidfire.com John Griffith
john-herndon john.herndon@hp.com John Herndon
john-m-kennedy john.m.kennedy@intel.com John Kennedy
john-postlethwait john.postlethwait@nebula.com John Postlethwait
jokcylou jokcylou@gmail.com loutc
jola-mirecka jola.mirecka@hp.com Jola Mirecka
jonathan-abdiel jonathan.abdiel@gmail.com Jonathan Gonzalez V.
cleverdevil jonathan@cleverdevil.org Jonathan LaCour
jordanrinke jordan@openstack.org Jordan Rinke
jorgew jorge.williams@rackspace.com Jorge L. Williams
jose-castro-leon jose.castro.leon@cern.ch Jose Castro Leon
jdurgin joshd@hq.newdream.net Josh Durgin
jdurgin josh.durgin@dreamhost.com Josh Durgin
jdurgin josh.durgin@inktank.com Josh Durgin
jk0 josh@jk0.org Josh Kearney
jkleinpeter josh@kleinpeter.org Josh Kleinpeter
joshua-mckenty joshua.mckenty@nasa.gov Joshua McKenty
joshua-mckenty joshua@pistoncloud.com Joshua McKenty
jpichon jpichon@redhat.com Julie Pichon
jshepher jshepher@rackspace.com Justin Shepherd
jjmartinez juan@memset.com Juan J. Martínez
juergh juerg.haefliger@hp.com Juerg Haefliger
ncode juliano.martinez@locaweb.com.br Juliano Martinez
jdanjou julien.danjou@enovance.com Julien Danjou
jdanjou julien@danjou.info Julien Danjou
jpichon julie.pichon@gmail.com Julie Pichon
justin-fathomdb justin@fathomdb.com justinsb
justin-hammond justin.hammond@rackspace.com Justin Hammond
justin-lund justin.lund@dreamhost.com Justin Lund
hazmat kapil.foss@gmail.com Kapil Thangavelu
kashivreddy kashi.reddy@rackspace.com Kashi Reddy
kaushikc kaushik.chand@gmail.com Kaushik Chandrashekar
kc-wang kc.wang@bigswitch.com Kuang-Ching Wang
kelsey-tripp kelsey.tripp@nebula.com Kelsey Tripp
ken-pepple ken.pepple@gmail.com Ken Pepple
ken-pepple ken@pepple.info Ken Pepple
ken-pepple ken.pepple@rabbityard.com Ken Pepple
klmitch kevin.mitchell@rackspace.com Kevin L. Mitchell
ke-wu ke.wu@ibeca.me Ke Wu
khussein khaled.hussein@gmail.com Khaled Hussein
khussein khaled.hussein@rackspace.com Khaled Hussein
kiall kiall@managedit.ie Kiall Mac Innes
kspear kispear@gmail.com Kieran Spear
mestery kmestery@cisco.com Kyle Mestery
kost-isi kost@isi.edu Kost
kravchenko-pavel kpavel@il.ibm.com Kravchenko Pavel
krtaylor krtaylor@us.ibm.com Kurt Taylor
krt krt@yahoo-inc.com Ken Thomas
kshileev kshileev@gmail.com Kirill Shileev
kurt-f-martin kurt.f.martin@hp.com Kurt Martin
kylin7-sg kylin7.sg@gmail.com Kylin CG
lapgoon lapgoon@gmail.com LiangAiping
lars-gellrich lars.gellrich@hp.com Lars Gellrich
markgius launchpad@markgius.com Mark Gius
ladquin laura.adq@gmail.com Laura Alves
laurence-miao laurence.miao@gmail.com Laurence Miao
lauria lauria@us.ibm.com Giampaolo Lauria
lcui lcui@vmware.com Leon
ldbragst ldbragst@us.ibm.com Lance Bragstad
leanderbb leanderbb@gmail.com Leander Beernaert
learnerever learnerever@gmail.com TengLi
leekelby leekelby@gmail.com leekelby
lemonlatte lemonlatte@gmail.com Jim Yeh
letterj letterj@gmail.com Jay Payne
letterj letterj@racklabs.com Jay Payne
liam-kelleher liam.kelleher@hp.com Liam Kelleher
lianhao-lu lianhao.lu@intel.com Lianhao Lu
liemmn liem.m.nguyen@gmail.com Liem Nguyen
liemmn liem_m_nguyen@hp.com Liem Nguyen
liemmn liem.m.nguyen@hp.com Liem Nguyen
likitha-shetty likitha.shetty@citrix.com Likitha Shetty
lin-hua-cheng lin-hua.cheng@hp.com Lin Hua Cheng
liquid-x liquid@kt.com Eohyung Lee
litong01 litong01@us.ibm.com Tong Li
long-wang long.wang@bj.cs2c.com.cn wanglong
lorinh lorin@isi.edu Lorin Hochstein
lorinh lorin@nimbisservices.com Lorin Hochstein
lrqrun lrqrun@gmail.com lrqrun
lucasagomes lucasagomes@gmail.com Lucas Alvares Gomes
luis-fernandez-alvarez luis.fernandez.alvarez@cern.ch Luis Fernandez
lzy-dev lzy.dev@gmail.com Zhi Yan Liu
madhav-puri madhav.puri@gmail.com Madhav Puri
mail-zhang-yee mail.zhang.yee@gmail.com Yee
rackerhacker major.hayden@rackspace.com Major Hayden
rackerhacker major@mhtx.net Major Hayden
malini-k-bhandaru malini.k.bhandaru@intel.com Malini Bhandaru
mana-62-1-11 mana.62.1.11@gmail.com Mana Kaneko
mandarvaze mandar.vaze@vertex.co.in Mandar Vaze
btorch marcelo.martins@rackspace.com Marcelo Martins
markmcclain mark.mcclain@dreamhost.com Mark McClain
markmc markmc@redhat.com Mark McLoughlin
markwash mark.washenberger@markwash.net Mark Washenberger
gz martin.packman@canonical.com Martin Packman
masumotok masumotok@nttdata.co.jp Kei Masumoto
mate-lakat mate.lakat@citrix.com Mate Lakat
mat-o mat@grove.me.uk Mat Grove
mathieu-rohon mathieu.rohon@gmail.com mathieu rohon
cerberus matt.dietz@rackspace.com Matt Dietz
matthias-sigxcpu matthias@sigxcpu.org Matthias Schmitz
matt-nycresistor matt.joyce@cloudscaling.com Matt Joyce
mattstep mattstep@mattstep.net Matt Stephenson
maurosr maurosr@linux.vnet.ibm.com Mauro Sergio Martins Rodrigues
hubcap mbasnigh@rackspace.com Michael Basnight
hubcap mbasnight@gmail.com Michael Basnight
mdegerne mdegerne@gmail.com Mandell
mdragon mdragon@rackspace.com Monsyne Dragon
meizu647 meizu647@gmail.com dk647
melwitt melwitt@yahoo-inc.com Melanie Witt
notmyname me@not.mn John Dickinson
mgius7096 mgius7096@gmail.com Mark Gius
gundlach michael.gundlach@rackspace.com Michael Gundlach
mihgen mihgen@gmail.com Mike Scherbakov
mikalstill mikal@stillhq.com Michael Still
redbo mike-launchpad@weirdlooking.com Mike Barton
milner mike.milner@canonical.com Mike Milner
novas0x2a mike@pistoncloud.com Mike Lundy
redbo mike@weirdlooking.com Mike Barton
mikeyp-3 mikeyp@LaHondaResearch.org Mike Pittaro
mjfork mjfork@us.ibm.com Michael Fork
mkkang mkkang@isi.edu Mikyung Kang
mdrnstm m@metacloud.com Morgan Fainberg
mnaser mnaser@vexxhost.com Mohammed Naser
mordred mordred@inaugust.com Monty Taylor
moreira-belmiro-email-lists moreira.belmiro.email.lists@gmail.com Belmiro Moreira
morita-kazutaka morita.kazutaka@gmail.com Kazutaka Morita
motokentsai motokentsai@gmail.com MotoKen
amotoki motoki@da.jp.nec.com Akihiro Motoki
motonobu motonobu@gmail.com Motonobu Ichimura
locke105 mrodden@us.ibm.com Mathew Odden
mrunge mrunge@redhat.com Matthias Runge
matt-sherborne msherborne@gmail.com Matthew Sherborne
msinhore msinhore@gmail.com msinhore
mszilagyi mszilagyi@gmail.com Michael Szilagyi
nachiappan-veerappan-nachiappan nachiappan.veerappan-nachiappan@hp.com Nachiappan
nati-ueno nachi@nttmcl.com Nachi Ueno
naehring naehring@b1-systems.de Andre Naehring
mathrock nathanael.i.burton@gmail.com Nathanael Burton
mathrock nathanael.i.burton.work@gmail.com Nathanael Burton
rellerreller nathan.reller@jhuapl.edu Nathan Reller
nati-ueno-s nati.ueno@gmail.com Nachi Ueno
ironcamel naveedm9@gmail.com Naveed Massjouni
ndipanov ndipanov@redhat.com Nikola Đipanov
nick-craig-wood nick@craig-wood.com Nick Craig-Wood
bartos nick@pistoncloud.com Nick Bartos
nickshobe nickshobe@gmail.com Nicholas Shobe
nicolas.simonds nic@metacloud.com Nicolas Simonds
nikhil-komawar nikhil.komawar@rackspace.com nikhil komawar
ning ning@zmanda.com ning_zhang
niuwl586-v niuwl586@gmail.com Tony NIU
nicholaskuechler nkuechler@gmail.com Nicholas Kuechler
nobodycam nobodycam@gmail.com Chris Krelle
arata776 notsu@virtualtech.jp Arata Notsu
chemikadze nsokolov@griddynamics.com Nikolay Sokolov
obondarev obondarev@mirantis.com Oleg Bondarev
oldsharp oldsharp@163.com Ray Chen
oliver-leahy-l oliver.leahy@hp.com Ollie Leahy
njohnston onewheeldrive.net@gmail.com Neil Johnston
oomichi oomichi@mxs.nes.nec.co.jp Ken'ichi Ohmichi
alyseo openstack@alyseo.com Alyseo
parthipan parthipan@hp.com Loganathan Parthipan
pmezard patrick@mezard.eu Patrick Mezard
pauldbourke paul-david.bourke@hp.com Paul Bourke
paul-mcmillan paul.mcmillan@nebula.com Paul McMillan
pksunkara pavan.sss1991@gmail.com Pavan Kumar Sunkara
p-draigbrady pbrady@redhat.com Pádraig Brady
pcm pcm@cisco.com Paul Michali
p-draigbrady p@draigbrady.com Pádraig Brady
pednape pednape@gmail.com Pedro Navarro Pérez
pengyuwei pengyuwei@gmail.com Peng YuWei
philip-day philip.day@hp.com Phil Day
pjz pj@place.org Paul Jimenez
ppyy ppyy@pubyun.com Peng Yong
prasad-tanay prasad.tanay@gmail.com Harsh Prasad
psedlak psedlak@redhat.com Pavel Sedlák
pshkitin pshkitin@griddynamics.com Pavel Shkitin
psiwczak psiwczak@mirantis.com Piotr Siwczak
rafadurancastaneda rafadurancastaneda@gmail.com Rafael Durán Castañeda
rkhardalian rafi@metacloud.com Rafi Khardalian
rainya-mosher-m rainya.mosher@rackspace.com Rainya Mosher
rajarammallya rajarammallya@gmail.com Rajaram Mallya
ram-nalluri ram_nalluri@persistent.co.in rampradeep
russellb rbryant@redhat.com Russell Bryant
rconradharris rconradharris@gmail.com Rick Harris
reese-sm reese.sm@gmail.com Stephanie Reese
reldan reldan@oscloud.ru Eldar Nugaev
renier-h renierm@us.ibm.com Renier Morales
renukaapte renuka.apte@citrix.com Renuka Apte
rhafer rhafer@suse.de Ralf Haferkamp
rconradharris rick.harris@rackspace.com Rick Harris
dendrobates rick@openstack.org Rick Clark
ripal-nathuji ripal.nathuji@calxeda.com Ripal Nathuji
rjuvvadi rjuvvadi@hcl.com Ramana Juvvadi
rkukura rkukura@redhat.com Robert Kukura
rlane rlane@wikimedia.org Ryan Lane
rloo rloo@yahoo-inc.com Ruby Loo
r-mibu r-mibu@cq.jp.nec.com Ryota Mibu
rnirmal rnirmal@gmail.com Nirmal Ranganathan
rohitagarwalla roagarwa@cisco.com Rohit Agarwalla
lifeless robertc@robertcollins.net Robert Collins
racb robie.basak@canonical.com Robie Basak
robin-norwood robin.norwood@gmail.com Robin Norwood
kanaderohan rohan.kanade@nttdata.com Rohan
rohitkarajgi rohit.karajgi@nttdata.com Rohit Karajgi
roland-hochmuth-s roland.hochmuth@hp.com Roland Hochmuth
ronenkat ronenkat@il.ibm.com RonenKat
ron-pedde ron@pedde.com Ron Pedde
rpodolyaka rpodolyaka@mirantis.com Roman Podolyaka
prykhodchenko rprikhodchenko@mirantis.com Roman Prykhodchenko
rushiagr rushi.agr@gmail.com Rushi Agrawal
russell russell@nimbula.com Russell Cloran
russell-sim russell.sim@gmail.com Russell Sim
rvaknin rvaknin@redhat.com Rami Vaknin
9-sa sa@hydre.org Stephane ANGOT
salvatore-orlando salv.orlando@gmail.com Salvatore Orlando
sammiestoel sammiestoel@gmail.com Sam Stoelinga
torgomatic sam@swiftstack.com Samuel Merritt
sandy-sandywalsh sandy@sandywalsh.com Sandy Walsh
sandy-walsh sandy.walsh@rackspace.com Sandy Walsh
santhoshkumar santhom@thoughtworks.com Santhosh Kumar Muniraj
saschpe saschpe@suse.de Sascha Peilicke
sasimpson sasimpson@gmail.com Scott Simpson
sateesh-chodapuneedi sateesh.chodapuneedi@citrix.com Sateesh
sathish-nagappan sathish.nagappan@nebula.com Sathish Nagappan
houshengbo sbhou@cn.ibm.com Vincent Hou
sdague sdague@linux.vnet.ibm.com Sean Dague
sdake sdake@redhat.com Steven Dake
scollins sean@coreitpro.com Sean M. Collins
sean-mccully sean.mccully@rackspace.com Sean McCully
serge-maskalik serge_maskalik@yahoo.com Serge Maskalik
shane-wang shane.wang@intel.com Shane Wang
shardy shardy@redhat.com Steven Hardy
shh sharis@brocade.com Shiv Haris
shweta-ap05 shpadubi@cisco.com Shweta P
dshrews shrewsbury.dave@gmail.com David Shrewsbury
shrutiranade38 shrutiranade38@gmail.com Shruti Ranade
simplylizz simplylizz@gmail.com Anton V. Yanchenko
singn singn@netapp.com Navneet
sirisha-devineni sirisha_devineni@persistent.co.in Sirisha Devineni
sirish-bitra-gmail sirish.bitra@gmail.com sirish chandra bitra
siyingchun siyingchun@sina.com Yingchun Si
sleepsonthefloor sleepsonthefloor@gmail.com Anthony Young
slukjanov slukjanov@mirantis.com Sergey Lukjanov
smoser smoser@ubuntu.com Scott Moser
snaiksat snaiksat@cisco.com Sumit Naiksatam
sogabe sogabe@iij.ad.jp Takashi Sogabe
soheil-h-y soheil@cs.toronto.edu Soheil Hassas Yeganeh
somikbehera somikbehera@gmail.com Somik Behera
somikbehera somik@nicira.com Somik Behera
soren soren@linux2go.dk Soren Hansen
soren soren@openstack.org Soren Hansen
soren sorhanse@cisco.com Soren Hansen
salvatore-orlando sorlando@nicira.com Salvatore Orlando
sorrison sorrison@gmail.com Sam Morrison
torgomatic spam@andcheese.org Samuel Merritt
sshturm sshturm@mirantis.com Shturm Svetlana
stanislaw-pitucha stanislaw.pitucha@hp.com Stanislaw Pitucha
stef-ummon stelford@internap.com stelford
sgran stephen.gran@guardian.co.uk Stephen Gran
stephen-mulcahy stephen.mulcahy@hp.com stephen mulcahy
stevemar stevemar@ca.ibm.com Steve Martinelli
steve-stevebaker steve@stevebaker.org Steve Baker
sthaha sthaha@redhat.com Sunil Thaha
sthakkar sthakkar@vmware.com Sachin Thakkar
stuart-mclaren stuart.mclaren@hp.com Stuart McLaren
sulochan-acharya sulochan.acharya@rackspace.co.uk Sulochan Acharya
snaiksat sumitnaiksatam@gmail.com Sumit Naiksatam
5-suzuki suzuki@midokura.com Takaaki Suzuki
pandemicsyn syn@ronin.io Florian Hines
tagami-keisuke tagami.keisuke@lab.ntt.co.jp Keisuke Tagami
tagliapietra.alessandro tagliapietra.alessandro@gmail.com Alessandro Tagliapietra
tfukushima tfukushima@dcl.info.waseda.ac.jp Taku Fukushima
therese-mchale therese.mchale@hp.com Therese McHale
the-william-kelly the.william.kelly@gmail.com William Kelly
ttx thierry@openstack.org Thierry Carrez
thingee thingee@gmail.com Mike Perez
thrawn01 thrawn01@gmail.com Derrick Wippler
throughnothing throughnothing@gmail.com William Wolf
ethuleau thuleau@gmail.com Édouard Thuleau
timjr timjr@yahoo-inc.com Tim Daly Jr.
tim-simpson tim.simpson@rackspace.com Tim Simpson
tatyana-leontovich tleontov@yahoo-inc.com Tatyana Leontovich
tmello tmello@linux.vnet.ibm.com Tiago Rodrigues de Mello
toan-nguyen toan.nguyen@rackspace.com Toan Nguyen
xtoddx todd@ansolabs.com Todd Willey
tzn tomasz@napierala.org Tomasz 'Zen' Napierala
tom-hancock tom.hancock@hp.com Tom Hancock
tomoe tomoe@midokura.com Tomoe Sugihara
tpot tpot@hp.com Tim Potter
treinish treinish@linux.vnet.ibm.com Matthew Treinish
tres tres@treshenry.net Tres Henry
tr3buchet trey.morris@rackspace.com Trey Morris
troy-toman troy.toman@rackspace.com Troy Toman
truijllo truijllo@crs4.it truijllo
tsuyuzaki-kota tsuyuzaki.kota@lab.ntt.co.jp Kota Tsuyuzaki
ttrifonov t.trifonov@gmail.com Tihomir Trifonov
tpatil tushar.vitthal.patil@gmail.com Tushar Patil
tylesmit tylesmit@cisco.com Tyler Smith
dtynan tynan@hp.com Dermot Tynan
unicell unicell@gmail.com unicell
usrleon usrleon@gmail.com Max Lvov
vaddi-kiran vaddi_kiran@persistent.co.in sasikiran
vash-vasiliyshlykov vash@vasiliyshlykov.org Vasiliy Shlykov
vkhomenko vasiliyk@yahoo-inc.com Vasyl Khomenko
vickymsee vickymsee@gmail.com Victoria Martínez de la Cruz
victor-lowther victor.lowther@gmail.com vlowther
vito-ordaz victor.rodionov@nexenta.com Victor Rodionov
vijaya-erukala vijaya_erukala@persistent.co.in Vijaya Erukala
vinkeshb vinkeshb@thoughtworks.com Vinkesh Banka
vishvananda vishvananda@gmail.com Vish Ishaya
vishvananda vishvananda@yahoo.com Vish Ishaya
vivekys vivek.ys@gmail.com vivek.ys
vladimir.p vladimir@zadarastorage.com Vladimir Popovski
vuntz vuntz@suse.com Vincent Untz
walter-boring walter.boring@hp.com Walt Boring
wayne-walls wayne.walls@rackspace.com Wayne A. Walls
weiyuanke123 weiyuanke123@gmail.com weiyuanke
wenjianhn wenjianhn@gmail.com Jian Wen
throughnothing will.wolf@rackspace.com William Wolf
wanglong wl3617@qq.com drabbit
wu-wenxiang wu.wenxiang@99cloud.net Wu Wenxiang
xchenum xchenum@gmail.com Simon
xiaoquqi xiaoquqi@gmail.com Ray
xiaoxi-chen xiaoxi.chen@intel.com xiaoxi_chen
xing-yang xing.yang@emc.com Xing Yang
xtoddx xtoddx@gmail.com Todd Willey
opencompute xuchenx@gmail.com Sean Chen
xu-haiwei xu-haiwei@mxw.nes.nec.co.jp Haiwei Xu
xuhj xuhj@linux.vnet.ibm.com Alex Xu
wenhao-x xuwenhao2008@gmail.com Wenhao Xu
xychu2008 xychu2008@gmail.com Ethan Chu
xyj-asmy xyj.asmy@gmail.com xyj
ywang19 yaguang.wang@intel.com yaguang wang
yamahata yamahata@valinux.co.jp Isaku Yamahata
ymzk37 yamazaki-mitsuhiko@cnt.mxc.nes.nec.co.jp Mitsuhiko Yamazaki
yinliu2 yinliu2@cisco.com Ying Liu
ykaneko0929 ykaneko0929@gmail.com Yoshihiro Kaneko
yogesh-srikrishnan yogesh.srikrishnan@rackspace.com Yogeshwar
yolanda.robla yolanda.robla@canonical.com Yolanda Robla
yorik-sar yorik.sar@gmail.com Yuriy Taraday
yosef-4 yosef@cloudscaling.com Yosef Berman
tamura-yoshiaki yoshi@midokura.jp Yoshiaki Tamura
yuan-zhou yuan.zhou@intel.com Zhou Yuan
james-li-3 yueli.m@gmail.com James Li
yufang521247 yufang521247@gmail.com Yufang Zhang
yugsuo yugsuo@gmail.com Yug Suo
yunhong-jiang yunhong.jiang@intel.com jiang, yunhong
yunmao yunmao@gmail.com Yun Mao
yusuke yusuke@nttmcl.com MURAOKA Yusuke
yuxcer yuxcer@126.com Yuxingchao
yuxcer yuxcer@gmail.com Yuxingchao
yuyuehill yuyuehill@gmail.com hill
zaitcev zaitcev@kotori.zaitcev.us Pete Zaitcev
zaneb zbitter@redhat.com Zane Bitter
zedshaw zedshaw@zedshaw.com Zed A. Shaw
zhangchao010 zhangchao010@huawei.com zhangchao
zzs zhesen@nttmcl.com Jason Zhang
zhhuabj zhhuabj@cn.ibm.com Hua Zhang
zhiteng-huang zhiteng.huang@intel.com Huang Zhiteng
zyluo zhongyue.nah@intel.com Zhongyue Luo
zhoudongshu zhoudshu@gmail.com zhoudonshu
zhang-hare zhuadl@cn.ibm.com Edward
ziad-sawalha ziad.sawalha@rackspace.com Ziad Sawalha
gholt z-launchpad@brim.net gholt
zrzhit zrzhit@gmail.com Rongze Zhu
zulcss zulcss@ubuntu.com Chuck Short
aababilov aababilo@yahoo-inc.com Alessio Ababilov
glikson glikson@il.ibm.com Alex Glikson
izbyshev izbyshev@ispras.ru Alexey Izbyshev
neoshades hillad@gmail.com Andy Hill
armando-migliaccio armando.migliaccio@eu.citrix.com Armando Migliaccio
asomya asomya@cisco.com Arvind Somya
bgh brad@nicira.com Brad Hall
bgh bhall@nicira.com Brad Hall
broskos broskos@internap.com Brent Roskos
c-kassen c.kassen@telekom.de Christoph Kassen
cthiel-suse cthiel@suse.com Christoph Thiel
0x44 chris@pistoncloud.com Christopher MacGown
0x44 ignoti+github@gmail.com Christopher MacGown
0x44 chris@slicehost.com Christopher MacGown
yazirian dan.dillinger@sonian.net Dan Dillinger
darren-birkett darren.birkett@gmail.com Darren Birkett
dazworrall darren@iweb.co.uk Darren Worrall
diego-parrilla-santamaria diego.parrilla@stackops.com Diego Parrilla
emilienm emilien.macchi@stackops.com Emilien Macchi
eday eday@oddments.org Eric Day
flwang flwang@cn.ibm.com Fei Long Wang
flepied frederic.lepied@enovance.com Frederic Lepied
gagupta gaurav@denali-systems.com Gaurav Gupta
gregory-althaus galthaus@austin.rr.com Greg Althaus
greglange glange@rackspace.com Greg Lange
ishii-hisaharu ishii.hisaharu@lab.ntt.co.jp Hisaharu Ishii
ijw-ubuntu iawells@cisco.com Ian Wells
jamesli-olsf yueli.m@gmail.com James Li
jasonstraw jason.straw@rackspace.com Jason Straw
jaypipes jaypipes@gmail.com Jay Pipes
jaypipes jpipes@serialcoder Jay Pipes
jiangy jiangyong.hn@gmail.com Jiang Yong
jsuh jsuh@isi.edu Jinwoo 'Joseph' Suh
jogo joe.gordon0@gmail.com Joe Gordon
johannes johannes@squeeze.(none) Johannes Erdfelt
jrd-q jrd@jrd.org John Dunning
john-eo joon.eo@gmail.com John Eo
johngarbutt john.garbutt@rackspace.com John Garbutt
breu breu@breu.org Joseph W. Breu
juergh juerg.haefliger@hp.com Juerg Haefliger
kjharke k.jonathan.harker@hp.com K Jonathan Harker
k.c.wang kc.wang@bigswitch.com KC Wang
kbringard kbringard@attinteractive.com Kevin Bringard
leamhall leam.hall@mailtrust.com Leam
markwash mark.washenberger@rackspace.com Mark Washenberger
maru mnewby@internap.com Maru Newby
u-matt-h matt@cloudscaling.com Matthew Hooker
sileht mehdi.abaakouk@enovance.com Mehdi Abaakouk
mshuler mshuler@rackspace.com Michael Shuler
noguchimn noguchimn@nttdata.co.jp Muneyuki Noguchi
nicholas-mistry nmistry@gmail.com Nicholas Mistry
nick-craig-wood nick@craig-wood.com Nick Craig-Wood
pcm pcm@cisco.com Paul Michali
pvo paul@substation9.com Paul Voccio
pvo pvoccio@castor.local Paul Voccio
pvo paul@openstack.org Paul Voccio
pvo paul.voccio@rackspace.com Paul Voccio
pshkitin pshkitin@griddynamics.com Pavel Shkitin
pednape pednape@gmail.com Pedro Navarro Perez
peter-a-portante peter.portante@redhat.com Peter Portante
philip-knouff philip.knouff@mailtrust.com Philip Knouff
psiwczak psiwczak@internap.com Piotr Siwczak
rkhardalian rafi@metacloud.com Rafi Khardalian
rtb rainer.toebbicke@cern.ch Rainer Toebbicke
lifeless rbtcollins@hp.com Robert Collins
rohitagarwalla rohitagarwalla@gmail.com Rohit Agarwalla
rpodolyaka rpodolyaka@mirantis.com Roman Podolyaka
rsokolkov rsokolkov@mirantis.com Roman Sokolkov
mr-rods rosario.disomma@dreamhost.com Rosario Di Somma
rlucio rlucio@internap.com Ryan Lucio
ryu-midokura ryu@midokura.jp Ryu Ishimoto
scott-devoid devoid@anl.gov Scott Devoid
slukjanov slukjanov@mirantis.com Sergey Lukjanov
krum-spencer nibz@cat.pdx.edu Spencer Krum
sdake sdake@redhat.com Steven Dake
sulochan-acharya sulochan@gmail.com Sulochan Acharya
r-thorsten thorsten@atomia.com Thorsten Tarrach
unmesh-gurjar unmesh.gurjar@vertex.co.in Unmesh Gurjar
unmesh-gurjar unmesh.gurjar@nttdata.com Unmesh Gurjar
victor-lowther victor.lowther@gmail.com Victor Lowther
yunshen yun.shen@hp.com Yun Shen
lzy-dev zhiyanl@cn.ibm.com Zhi Yan Liu
ziad-sawalha gihub@highbridgellc.com Ziad Sawalha
ethuleau edouard.thuleau@cloudwatt.com Édouard Thuleau
akscram ikharin@mirantis.com Ilya Kharin
nsavin nsavin@griddynamics.com Nikita Savin
ahaldin ahaldin@griddynamics.com Anton Haldin
hovyakov hovyakov@griddynamics.com Dmitry Hovyakov
sklimoff sklimoff@griddynamics.com Stan Klimoff
mkerrin michael.kerrin@hp.com Michael Kerrin
spzala spzala@us.ibm.com Sahdev Zala
skraynev skraynev@mirantis.com Sergey Kraynev
nelson-crynwr nelson@crynwr.com Russ Nelson
nelson-crynwr nelson@nelson-laptop Russ Nelson
nakamura-h nakamura-h@mxd.nes.nec.co.jp Hidekazu Nakamura
rizumu tom@rizu.mu Thomas Schreiber
usrleon mlvov@mirantis.com Lvov Maxim
senhuang senhuang@cisco.com Senhua Huang
yhasan yhasan@cisco.com Yousuf Hasan
wdec-ietf wdec.ietf@gmail.com Wojciech Dec
pkilambi pkilambi@cisco.com Pradeep Kilambi
pkilambi praddevel@gmail.com Pradeep Kilambi
pamor pamor@cisco.com Patrick Amor
nidonato nidonato@cisco.com Nicholas Donato
michael-ogorman michael.ogorman@gmail.com Michael O'Gorman
michaeltchapman michchap@cisco.com Michael Chapman
mvoelker mvoelker@cisco.com Mark T. Voelker
laksharm laksharm@cisco.com Lakshmi Sharma
jdenisco jdenisco@cisco.com John DeNisco
jennchen jennchen@cisco.com Jennifer Chen
tmazur tmazur@mirantis.com Tatiana Mazur
aignatov aignatov@mirantis.com Alexander Ignatov
asakhnov asakhnov@mirantis.com Alexander Sakhnov
vvechkanov vvechkanov@mirantis.com Vladimir Vechkanov

# update on 13-May-13
rohara rohara@redhat.com Ryan O'Hara
leblancd leblancd@cisco.com Dane LeBlanc
otherwiseguy twilson@redhat.com Terry Wilson
mouad-benchchaoui m.benchchaoui@cloudbau.de Mouad Benchchaoui
rcurran rcurran@cisco.com Rich Curran
maru marun@redhat.com Maru Newby
smoser smoser@brickies.net Scott Moser
jshepher galstrom21@gmail.com Justin Shepherd
habukao xiu.yushen@gmail.com Osamu Habuka
eafonichev eafonichev@mirantis.com Evgeniy Afonichev
asalkeld asalkeld@redhat.com Angus Salkeld
spn surya_prabhakar@dell.com Surya Prabhakar
steve-stevebaker sbaker@redhat.com Steve Baker
john-dunning jrd@redhat.com John Dunning
fmanco filipe.manco@gmail.com Filipe Manco
d1b dmitriy.budnik@gmail.com Dmitriy Budnik
jiajun-xu jiajun.xu@intel.com jiajun xu
gpernot gpernot@praksys.org Guillaume Pernot
torandu sean@torandu.com Sean Gallagher
mvidner mvidner@suse.cz Martin Vidner
clint-fewbar clint@fewbar.com Clint Byrum
bob-melander bob.melander@gmail.com Bob Melander
slicknik slicknik@gmail.com Nikhil Manchanda
lyda.google kevin@ie.suberic.net Kevin Lyda
jruzicka jruzicka@redhat.com Jakub Ruzicka
imsplitbit imsplitbit@gmail.com Daniel Salinas
stephen-ma stephen.ma@hp.com Stephen Ma
andrea-frittoli andrea.frittoli@hp.com Andrea Frittoli
jerome-gallard jerome.david.gallard@gmail.com Jérôme Gallard
tim-miller-0 tim.miller.0@gmail.com Tim Miller
chmouel launchpad@chmouel.com Chmouel Boudjnah
johndescs michalon@igbmc.fr Jonathan Michalon
iwienand iwienand@redhat.com Ian Wienand
zealot0630 zealot0630@gmail.com Zang MingJie
cbjchen cbjchen@cn.ibm.com Liang Chen
bartosz-gorski bartosz.gorski@ntti3.com Bartosz Górski
mhu-s mhu@enovance.com Matthieu Huin
derek-morton derek.morton25@gmail.com Derek Morton
phongdly phongdly@us.ibm.com Phong Doan Ly
novas0x2a mike@fluffypenguin.org Mike Lundy
jamielennox jlennox@redhat.com Jamie Lennox
james-slagle james.slagle@gmail.com James Slagle
kannan arangamani.kannan@gmail.com Kannan Manickam
armando-migliaccio amigliaccio@nicira.com Armando Migliaccio
adriansmith adrian@17od.com Adrian Smith
jasondunsmore jasondunsmore@gmail.com Jason Dunsmore
victor-r-howard victor.r.howard@gmail.com Victor Howard
gtt116 gtt116@gmail.com TianTian Gao
jsavak jsavak@gmail.com Joe Savak
john-brzozowski jjmb@jjmb.com John Jason Brzozowski
vodmat-news vodmat.news@gmail.com Mattieu Puel
jiyou09 jiyou09@gmail.com You Ji
john-lenihan john.lenihan@hp.com John Lenihan
guohliu guohliu@cn.ibm.com GuoHui LIu
v-joseph joseph@cloudscaling.com Joseph Glanville
dmitry-x dmitry@spikhalskiy.com Dmitry Spikhalskiy
joe-hakim-rahme joe.hakim.rahme@enovance.com Joe Hakim Rahme
xuhanp xuhanp@cn.ibm.com Xuhan Peng
armando-migliaccio amigliaccio@nicira.com armando-migliaccio
crayz allanfeid@gmail.com Allan Feid
james-branen james.branen@hp.com Jim Branen
yuyangbj yuyangbj@cn.ibm.com Yang Yu
academicgareth gareth@unitedstack.com Kun Huang
anastasia-karpinska akarpinska@griddynamics.com Anastasia Karpinska
niu-zglinux niu.zglinux@gmail.com Zhenguo Niu
eyerediskin sskripnick@mirantis.com Sergey Skripnick
leo-toyoda toyoda-reo@cnt.mxw.nes.nec.co.jp Leo Toyoda
david-wilde-rackspace david.wilde@rackspace.com Dave Wilde
talkain tal.kain@ravellosystems.com Tal Kain
sylvain-afchain sylvain.afchain@enovance.com Sylvain Afchain
ifarkas ifarkas@redhat.com Imre Farkas
tsedovic tomas@sedovic.cz Tomas Sedovic
andrew-mccrae andy.mccrae@googlemail.com Andy McCrae
mriedem mriedem@us.ibm.com Matt Riedemann
david-martin dmartls1@gmail.com David Martin
tzumainn tzumainn@redhat.com Tzu-Mainn Chen
edward-hope-morley opentastic@gmail.com Edward Hope-Morley
leseb sebastien.han@enovance.com Sebastien Han
sadasu sadasu@cisco.com Sandhya Dasu
pete5 peter@gridcentric.ca Peter Feiner
matt-wagner matt.wagner@redhat.com Matt Wagner
yacine-b yacine@alyseo.com Yacine Kheddache
512-francois-o63 francois@alyseo.com Francois Billard
francine-ransy francine.ransy@gmail.com Francine Ransy
vsergeyev vsergeyev@mirantis.com Victor Sergeyev
starodubcevna starodubcevna@gmail.com Nikolay Starodubtsev
mgagne mgagne@iweb.com Mathieu Gagné
irenab irenab@mellanox.com Irena Berezovsky
luiz-ozaki luiz.ozaki@gmail.com Luiz Ozaki
xinxin-shu xinxin.shu@intel.com shu, xinxin
lmatter lmatter@coraid.com Larry Matter
bob-ball bob.ball@citrix.com Bob Ball
dflorea dflorea@cisco.com Dan Florea
david-hill david.hill@ubisoft.com David Hill
greg-ball greg.ball@rackspace.com Greg Ball
dukov dukov@mirantis.com Dmitry Ukov
amir-sadoughi amir.sadoughi@gmail.com Amir Sadoughi
christoph-gysin christoph.gysin@gmail.com Christoph Gysin
0xffea 0xffea@gmail.com David Höppner
yogesh-srikrishnan yoga80@yahoo.com Yogeshwar Srikrishnan
imelnikov imelnikov@griddynamics.com Ivan Melnikov
jvarlamova jvarlamova@mirantis.com Julia Varlamova
anton0 anfrolov@mirantis.com Anton Frolov
nprivalova nprivalova@mirantis.com Nadya Privalova
sreshetniak sreshetniak@mirantis.com Sergey Reshetnyak
vrovachev vrovachev@mirantis.com Vadim Rovachev
yzveryanskyy yzveryanskyy@mirantis.com Yuriy Zveryanskyy
eyuzlikeev eyuzlikeev@mirantis.com Eduard Yuzlikeev
ityaptin ityaptin@mirantis.com Ilya Tyaptin
iberezovskiy iberezovskiy@mirantis.com Ivan Berezovskiy

# update 03-Jun-13
aovchinnikov aovchinnikov@mirantis.com Alexey Ovchinnikov
andreserl andres.rodriguez@canonical.com Andres Rodriguez
bruno-semperlotti bruno.semperlotti@gmail.com Bruno Semperlotti
shrinand shrinand@maginatics.com Shri Javadekar
alex-gaynor alex.gaynor@gmail.com Alex Gaynor
carl-baldwin carl.baldwin@hp.com Carl Baldwin
ema ema@linux.it Emanuele Rocca
christophe.sauthier christophe.sauthier@objectif-libre.com Christophe Sauthier
jtomasek jtomasek@redhat.com Jiri Tomasek
bradjones jones.bradley@me.com Bradley Jones
yportnova yportnov@yahoo-inc.com Yuliya Portnova
jan-provaznik jprovazn@redhat.com Jan Provaznik
azilli mkislinska@griddynamics.com Marharyta Kislinska
rmoore08 rmoore08@gmail.com Ryan Moore
akamyshnikova akamyshnikova@mirantis.com Ann Kamyshnikova
mukul18 mukul18@gmail.com Mukul Patel
lakhindr lakhinder.walia@hds.com Lakhinder Walia
amalabasha princessbasha@gmail.com Amala Basha
kanzhe-jiang kanzhe@gmail.com Kanzhe Jiang
fujioka-yuuichi fujioka.yuuichi@gmail.com fujioka yuuichi
ryu-midokura ryu@midokura.com Ryu Ishimoto
jordan-pittier jordan.pittier@gmail.com Jordan Pittier
shengjie-min shengjie_min@dell.com Shengjie Min
jpeeler-z jpeeler@redhat.com Jeff Peeler
alexei-kornienko alexei.kornienko@gmail.com Alexei Kornienko
morellon thiago.morello@locaweb.com.br Thiago Morello
dmitrymex dmescheryakov@mirantis.com Dmitry Mescheryakov
nkonovalov nkonovalov@mirantis.com Nikita Konovalov
farrellee matt@redhat.com Matthew Farrellee
ylobankov ylobankov@mirantis.com Yaroslav Lobankov
ruhe rkamaldinov@mirantis.com Ruslan Kamaldinov
akuznetsov akuznetsov@mirantis.com Alexander Kuznetsov
akuno anita.kuno@enovance.com Anita Kuno
mtaylor-s mtaylor@redhat.com Martyn Taylor
nijaba nick.barcet@canonical.com Nicolas Barcet
steven-berler steven.berler@dreamhost.com Steven Berler
gmb graham.binns@canonical.com Graham Binns
endre-karlson endre.karlson@gmail.com Endre Karlson
frossigneux francois.rossigneux@inria.fr François Rossigneux
maksimov stanislav_m@dell.com Stas Maksimov
swann-w swann.croiset@bull.net Swann Croiset
nealph phil.neal@hp.com Phil Neal
soulascedric soulascedric@gmail.com Cédric Soulas
xingzhou xingzhou@cn.ibm.com xingzhou
terriyu teryu@alum.mit.edu Terri Yu
imain imain@redhat.com Ian Main
calfonso calfonso@redhat.com Chris Alfonso
gblomqui gblomqui@redhat.com Greg Blomquist
pierre-freund pierre.freund@gmail.com Pierre Freund
robert-van-leeuwen robert.vanleeuwen@spilgames.com Robert van Leeuwen
gfidente gfidente@redhat.com Giulio Fidente
therve therve@gmail.com Thomas Herve
andrew-plunk andrew.plunk@rackspace.com Andrew Plunk
winson-c-chan winson.c.chan@intel.com Winson Chan
simon-pasquier pasquier.simon@gmail.com Simon Pasquier

# update 05-Jun-13
sross-7 sross@redhat.com Solly Ross
pschaef pschaef@de.ibm.com Patrick Schaefer
sergey.vilgelm sergey.vilgelm@gmail.com Sergey Vilgelm
jolyon git@limilo.com Jolyon Brown
jay-lau-513 jay.lau.513@gmail.com Jay Lau
satya-patibandla satya.patibandla@tcs.com Satyanarayana Patibandla
liyingjun liyingjun1988@gmail.com Liyingjun
yosshy a-yoshiyama@bu.jp.nec.com Akira Yoshiyama
aarti-kriplani aarti.kriplani@rackspace.com Aarti Kriplani
novel rbogorodskiy@mirantis.com Roman Bogorodskiy
yanglyy yanglyy@cn.ibm.com YangLei
jsbryant jsbryant@us.ibm.com Jay S. Bryant
jenny-shieh jenny.shieh@hp.com jenny-shieh
jenny-shieh jenny.shieh@hp.com Jenny Shieh
derek-chiang derek.chiang@nebula.com Derek Chiang
edward-hope-morley edward.hope-morley@canonical.com Edward Hope-Morley
yuzawataka yuzawataka@intellilink.co.jp Yuzawa Takahiko
jcallicoat jordan.callicoat@rackspace.com Jordan Callicoat
hovyakov dkhovyakov@griddynamics.com Dmitry Khovyakov
hyerle hyerle@hp.com Robert Hyerle
carlos-garza carlos.garza@rackspace.com Carlos Garza
venkateshsampath venkatesh.sampath@outlook.com Venkatesh Sampath
robert-myers robert.myers@rackspace.com Robert Myers
pekowski pekowski@gmail.com Raymond Pekowski
alex-meade hatboy112@yahoo.com Alex Meade
kiall kiall@hp.com Kiall Mac Innes
aditirav aditirav@thoughtworks.com Aditi Raveesh
a-gorodnev agorodnev@mirantis.com Alexander Gorodnev
xbsd-nikolay nsobolevsky@mirantis.com Nikolay Sobolevsky
yamamoto yamamoto@valinux.co.jp Yamamoto Takashi
sdeaton2 sdeaton2@gmail.com Steven Deaton
hughsaunders hugh@wherenow.org Hugh Saunders
genggjh gengjh@cn.ibm.com David Geng
lklrmn lklrmn@gmail.com Leah Klearman
fabien-boucher fabien.boucher@enovance.com Fabien Boucher
sdague sean@dague.net Sean Dague
jmatt jmatt@jmatt.org J. Matt Peterson
hyphon-zh ghj114@gmail.com Hyphon Zhang
hartsock hartsocks@vmware.com Shawn Hartsock
aarti-kriplani aarti.kriplani@rackspace.com Aarti Kriplani
guochbo guochbo@cn.ibm.com Chang Bo Guo
krishna1256 krishna1256@gmail.com Sai Krishna Sripada
fujioka-yuuichi-d fujioka-yuuichi@zx.mxh.nes.nec.co.jp fujioka yuuichi
rpothier rpothier@cisco.com Robert Pothier
debo ddutta@gmail.com Debo~ Dutta
dbailey-k dbailey@hp.com Darragh Bailey
ghe.rivero ghe.rivero@hp.com Ghe Rivero
justin-hopper justin.hopper@hp.com Justin Hopper
kgriffs kurt.griffiths@rackspace.com Kurt Griffiths
zyuan zhihao.yuan@rackspace.com Zhihao Yuan
bryan-davidson bryan.davidson@rackspace.com Bryan Davidson
lichray lichray@gmail.com Zhihao Yuan
eap-x eap@hp.com Eric Pendergrass
kaushikc kaushik.chandrashekar@rackspace.com Kaushik Chandrashekar
malini-kamalambal malini.kamalambal@rackspace.com Malini Kamalambal
kevin-carter kevin.carter@rackspace.com Kevin Carter
radix chris.armstrong@rackspace.com Christopher Armstrong

# Update 11-Jun-13
xyj-asmy yejia@unitedstack.com Yejia Xu
toabctl thomasbechtold@jpberlin.de Thomas Bechtold
blak111 kevin.benton@bigswitch.com Kevin Benton
matthew-macdonald-wallace matthew.macdonald-wallace@hp.com Matthew Macdonald-Wallace
jianingy jianingy@unitedstack.com Jianing Yang
satish-0 satish@aristanetworks.com Satish Mohan
razique razique.mahroua@gmail.com Razique Mahroua
mikeyp-3 mikeyp@lahondaresearch.org Mike Pittaro
guanxiaohua2k6 guanxiaohua2k6@gmail.com Xiaohua Guan
tylern-u tylern@pistoncloud.com Tyler North
sagar-r-nikam sagar.r.nikam@gmail.com Sagar Nikam
danehans danehans@cisco.com Daneyon Hansen
shiju-p shiju.p@gmail.com Shiju
karin-levenstein karin.levenstein@rackspace.com Karin Levenstein
wbatterson wbatterson@brinkster.com Walter Batterson
diane-fleming diane.fleming@rackspace.com Diane Fleming
razique razique.mahroua@gmail.com Razique Mahroua
jproulx jon@jonproulx.com Jonathan Proulx
pmsangal puneet@inmovi.net Puneet Sangal
kbringard kbringard@att.com Kevin Bringard
jproulx jon@csail.mit.edu Jonathan Proulx
ppouliot peter@pouliot.net Peter Pouliot
ken-pepple ken.pepple@cloudtp.com Ken Pepple
frodenas frodenas@gmail.com Ferran Rodenas
john-davidge jodavidg@cisco.com John Davidge
colinmcnamara colin@2cups.com Colin McNamara
anniec anniec@yahoo-inc.com Annie Cheng
han-sebastien han.sebastien@gmail.com Sébastien Han
woprandi william.oprandi@gmail.com William Oprandi
everett-toews everett.toews@rackspace.com Everett Toews
jeff-d-halter jeff.d.halter@gmail.com Jeff Halter
jafletch jafletch@cisco.com Jack Peter Fletcher
bill-rich bill.rich@gmail.com Bill Rich
ejkern ejkern@mac.com Ed Kern
entropyworks yazz.atlas@hp.com Yazz Atlas
bknowles bknowles@momentumsi.com Brad Knowles
bkerensa bkerensa@ubuntu.com Benjamin Kerensa
phil-hopkins-a phil.hopkins@rackspace.com Phil Hopkins
pps-pranav pps.pranav@gmail.com Pranav Salunke
phil-hopkins-a phil.hopkins@rackspace.com Phil Hopkins
razique razique.mahroua@gmail.com Razique Mahroua
chris-ricker chris.ricker@gmail.com Chris Ricker
sgordon sgordon@redhat.com Stephen Gordon
mandoonandy andy@aptira.com Andy McCallum
jay-clark jay.clark@gmail.com Jay Clark
sheeprine sheeprine@nullplace.com Stéphane Albert
kvdveer koert@cloudvps.com Koert van der Veer
jens-christian-fischer jens-christian.fischer@switch.ch Jens-Christian Fischer
jaegerandi aj@suse.de Andreas Jaeger
lmorchard me@lmorchard.com Les Orchard
fifieldt tom@openstack.org Tom Fifield
enakai enakai@redhat.com Etsuji Nakai
nati-ueno nachi@ntti3.com Nachi Ueno
wugc wugc@cn.ibm.com Guang Chun Wu
k3vinmcdonald k3vinmcdonald@gmail.com Kevin McDonald

# Update 14-Jun-13
davewalker davewalker@ubuntu.com Dave Walker
niu-zglinux niu.zglinux@gmail.com Zhenguo Niu (牛振国)
haomai haomai@unitedstack.com Haomai Wang
maheshp maheshp@thoughtworks.com Mahesh Panchaksharaiah
mark-seger mark.seger@hp.com Mark Seger
abhiabhi-sr abhiabhi.sr@gmail.com Abhinav Srivastava
harlowja harlowja@gmail.com Joshua Harlow
egallen erwan.gallen@cloudwatt.com Erwan Gallen
mattt416 mattt@defunct.ca Matt Thompson
viraj-hardikar-n viraj.hardikar@hp.com Viraj Hardikar
rcritten rcritten@redhat.com Rob Crittenden
jiangwt100 wentian@unitedstack.com Jim Jiang
yugsuo guangyu@unitedstack.com Guangyu Suo
jdillaman dillaman@redhat.com Jason Dillaman

# Update 18-Jun-13
epavlova epavlova@mirantis.com Katrin Pavlova
kiran-kumar-vaddi kiran-kumar.vaddi@hp.com Kiran Kumar Vaddi
prem-karat prem.karat@linux.vnet.ibm.com Prem Karat
xqueralt xqueralt@redhat.com Xavier Queralt
jordan-pittier jordan.pittier-ext@cloudwatt.com Jordan Pittier
bdpayne bdpayne@acm.org Bryan D. Payne
forrest-r forrest@research.att.com Andrew Forrest

# Robots
openstack review@openstack.org Gerrit Code Review
openstack jenkins@review.openstack.org Jenkins
openstack jenkins@openstack.org OpenStack Jenkins

# Update 21-Jun-13
saschpe saschpe@gmx.de Sascha Peilicke
jiataotj jiataotj@cn.ibm.com David Jia
skuicloud skuicloud@gmail.com Kui Shi
selvait90 selvait90@gmail.com Selvakumar Arumugam
redheadflyundershadow sneezezhang@cienet.com.cn Lei Zhang
akscram akscram@gmail.com Ilya Kharin
randall-burt randall.burt@rackspace.com Randall Burt
fengqian-gao fengqian.gao@intel.com Fengqian.Gao
jeffmilstea jeffmilstea@gmail.com Jeff Milstead
awoods-0 awoods@internap.com Anthony Woods
jonesld jonesld@us.ibm.com Daniel Jones

# Update 26-Jun-13
sarob seanrob@yahoo-inc.com Sean Roberts
gpocentek gauvain@pocentek.net Gauvain Pocentek
gpocentek gauvain.pocentek@objectif-libre.com Gauvain Pocentek
vijendar-komalla vijendar.komalla@rackspace.com Vijendar Komalla
seif s.lotfy@telekom.de Seif Lotfy
m-koderer m.koderer@telekom.de Marc Koderer
skuicloud skuicloud@gmail.com Kui Shi
thomas-goirand thomas@goirand.fr Thomas Goirand
iosctr iosctr@gmail.com Brian D. Burns
scott-dangelo scott.dangelo@hp.com Scott DAngelo
rwsu rwsu@redhat.com Richard Su
teselkin-d dteselkin@mirantis.com Dmitry Teselkin
smelikyan smelikyan@mirantis.com Serg Melikyan
